{
"lengthUnit": "mil",
"components": {
	"fields": ["COMPONENT_NO", "COMPONENT_NAME", "LAYER", "X_COORDINATE", "Y_COORDINATE", "ANGLE"],
	"rows": [
		[1, "C1", "T", 1410, -2505, 0],
		[2, "C2", "T", 1570, -2580, 0],
		[3, "C3", "T", 1065, -2645, 90],
		[4, "C4", "T", 1028.89, -2724.48, 0],
		[5, "C5", "T", 1030, -2780, 0],
		[6, "C6", "T", 1030, -2835, 0],
		[7, "C7", "T", 1030, -2890, 0],
		[8, "C8", "T", 1030, -2945, 0],
		[9, "C9", "T", 1030, -3000, 0],
		[10, "C10", "T", 1030, -3055, 0],
		[11, "C11", "T", 1360, -2405, 0],
		[12, "C12", "T", 1360, -2350, 0],
		[13, "C13", "T", 855, -2795, 0],
		[14, "C14", "T", 1175, -3130, 90],
		[15, "C15", "T", 1300, -3275, 0],
		[16, "C16", "T", 1615, -3355, 180],
		[17, "C17", "T", 1880, -2195, 270],
		[18, "C18", "T", 1495, -2215.63, 0],
		[19, "C19", "T", 1175, -3605, 90],
		[20, "C20", "T", 1775, -3135, 0],
		[21, "C21", "T", 1820, -3035, 0],
		[22, "C22", "T", 730, -205, 0],
		[23, "C23", "T", 735, -475, 0],
		[24, "C24", "T", 1190, -400, 90],
		[25, "C25", "T", 750, -950, 0],
		[26, "C26", "T", 1070, -200, 180],
		[27, "C27", "T", 1065, -3245, 180],
		[28, "D1", "T", 175, -1085, 180],
		[29, "D2", "T", 175, -1210, 180],
		[30, "H1", "T", 1820, -2785, 270],
		[31, "H2", "T", 511.81, -3543.31, 180],
		[32, "H3", "B", 1846.77, -3470, 270],
		[33, "H4", "T", 100, -543.31, 270],
		[34, "H5", "T", 1868.5, -543.31, 270],
		[35, "H6", "B", 984.25, -1710, 90],
		[36, "H7", "B", 984.25, -1870, 90],
		[37, "LED1", "T", 511.81, -906.22, 0],
		[38, "LED2", "T", 511.81, -1091.26, 0],
		[39, "LED3", "T", 1456.69, -397.55, 0],
		[40, "LED4", "T", 1456.69, -582.59, 0],
		[41, "LED5", "T", 1456.69, -767.63, 0],
		[42, "LED6", "T", 1456.69, -952.67, 0],
		[43, "LED7", "T", 1456.69, -1137.71, 0],
		[44, "LED8", "T", 1456.69, -1322.75, 0],
		[45, "LED9", "T", 511.81, -536.14, 0],
		[46, "LED10", "T", 511.81, -721.18, 0],
		[47, "LED11", "T", 126.87, -2330.66, 0],
		[48, "Q1", "T", 475, -1400, 180],
		[49, "Q2", "T", 285, -1400, 180],
		[50, "R1", "T", 781.85, -3425, 180],
		[51, "R2", "T", 241.89, -3425, 0],
		[52, "R3", "T", 550, -2780, 180],
		[53, "R4", "T", 615, -3680, 270],
		[54, "R5", "T", 310, -3680, 270],
		[55, "R6", "T", 1415, -3160, 90],
		[56, "R7", "T", 372.25, -841.85, 270],
		[57, "R8", "T", 1598.74, -435, 270],
		[58, "R9", "T", 372.25, -1030.54, 270],
		[59, "R10", "T", 1593.74, -990, 270],
		[60, "R11", "T", 1593.74, -1180, 270],
		[61, "R12", "T", 1593.74, -1350, 270],
		[62, "R13", "T", 1593.74, -635, 270],
		[63, "R14", "T", 1593.74, -820, 270],
		[64, "R15", "T", 368.53, -456.85, 270],
		[65, "R16", "T", 368.53, -645.54, 270],
		[66, "R17", "T", 290.35, -2330.66, 180],
		[67, "R18", "T", 472.44, -1889.76, 0],
		[68, "R19", "T", 1496.06, -1889.76, 0],
		[69, "R20", "T", 200, -425, 270],
		[70, "R21", "T", 200, -555, 270],
		[71, "R22", "T", 830, -1870, 270],
		[72, "R23", "T", 1140, -1870, 270],
		[73, "R24", "T", 720, -295, 0],
		[74, "R25", "T", 720, -390, 0],
		[75, "R26", "T", 895, -195, 0],
		[76, "R27", "T", 880, -85, 0],
		[77, "R28", "T", 1055, -115, 0],
		[78, "R29", "T", 895, -510, 0],
		[79, "R30", "T", 1005, -555, 90],
		[80, "R31", "T", 1270, -240, 0],
		[81, "R32", "T", 1230, -620, 180],
		[82, "R33", "T", 1275, -385, 90],
		[83, "R34", "T", 1145, -535, 0],
		[84, "R35", "T", 1730, -395, 0],
		[85, "R36", "T", 835, -780, 180],
		[86, "R37", "T", 835, -1115, 180],
		[87, "R38", "T", 1170, -1130, 0],
		[88, "R39", "T", 750, -875, 0],
		[89, "R40", "T", 750, -1030, 0],
		[90, "R41", "T", 1210, -1000, 270],
		[91, "R42", "T", 990, -780, 0],
		[92, "R43", "T", 995, -1115, 0],
		[93, "R44", "T", 1215, -1285, 0],
		[94, "R45", "T", 230, -1955, 270],
		[95, "R46", "T", 1255, -1955, 270],
		[96, "R47", "T", 510, -2390, 270],
		[97, "R48", "T", 640, -2315, 0],
		[98, "R49", "T", 710, -2650, 0],
		[99, "R50", "T", 525, -2560, 90],
		[100, "R51", "T", 460, -2560, 270],
		[101, "R52", "T", 1088.46, -3386.05, 270],
		[102, "R53", "T", 976.36, -3386.05, 90],
		[103, "R54", "T", 970, -2545, 90],
		[104, "R55", "T", 875, -2660, 0],
		[105, "R56", "T", 985, -2370, 0],
		[106, "R57", "T", 985, -2440, 180],
		[107, "R58", "T", 810, -2330, 180],
		[108, "SW1", "T", 200, -2588.11, 180],
		[109, "SW2", "T", 984.25, -2125.98, 0],
		[110, "SW3", "T", 200, -2920, 0],
		[111, "SW4", "T", 984.25, -1377.95, 180],
		[112, "U1", "T", 1395, -2790, 0],
		[113, "U2", "T", 720, -2945, 270],
		[114, "U3", "T", 1292.44, -3149.56, 270],
		[115, "U6", "T", 1415, -3535, 0],
		[116, "U7", "T", 1690, -2360.63, 0],
		[117, "U8", "T", 984.25, -349.37, 270],
		[118, "U9", "T", 984.25, -948.11, 270],
		[119, "U10", "T", 725, -2490, 270]
	]
},
"pins": {
	"fields": ["PIN_NO", "PIN_NAME", "PIN_X", "PIN_Y", "LAYER", "PIN_TYPE", "NET_NAME", "NET_TYPE", "PAD_SHAPE", "PAD_SIZEX", "PAD_SIZEY", "HOLE_SIZE", "PAD_ANGLE"],
	"rows": [
		[1, "C1_1", 1388.54, -2505, "T", "SMD", "GND", "GND", "R", 31.11, 21.26, 0, 0],
		[2, "C1_2", 1431.46, -2505, "T", "SMD", "1V1", "", "R", 31.11, 21.26, 0, 0],
		[3, "C2_1", 1548.54, -2580, "T", "SMD", "3V3_SIG", "", "R", 31.11, 21.26, 0, 0],
		[4, "C2_2", 1591.46, -2580, "T", "SMD", "GND", "GND", "R", 31.11, 21.26, 0, 0],
		[5, "C3_1", 1065, -2666.46, "T", "SMD", "3V3", "", "R", 31.11, 21.26, 0, 90],
		[6, "C3_2", 1065, -2623.54, "T", "SMD", "GND", "GND", "R", 31.11, 21.26, 0, 90],
		[7, "C4_1", 1007.43, -2724.48, "T", "SMD", "GND", "GND", "R", 31.11, 21.26, 0, 0],
		[8, "C4_2", 1050.35, -2724.48, "T", "SMD", "3V3", "", "R", 31.11, 21.26, 0, 0],
		[9, "C5_1", 1008.54, -2780, "T", "SMD", "GND", "GND", "R", 31.11, 21.26, 0, 0],
		[10, "C5_2", 1051.46, -2780, "T", "SMD", "3V3", "", "R", 31.11, 21.26, 0, 0],
		[11, "C6_1", 1008.54, -2835, "T", "SMD", "GND", "GND", "R", 31.11, 21.26, 0, 0],
		[12, "C6_2", 1051.46, -2835, "T", "SMD", "3V3", "", "R", 31.11, 21.26, 0, 0],
		[13, "C7_1", 1008.54, -2890, "T", "SMD", "GND", "GND", "R", 31.11, 21.26, 0, 0],
		[14, "C7_2", 1051.46, -2890, "T", "SMD", "3V3", "", "R", 31.11, 21.26, 0, 0],
		[15, "C8_1", 1008.54, -2945, "T", "SMD", "GND", "GND", "R", 31.11, 21.26, 0, 0],
		[16, "C8_2", 1051.46, -2945, "T", "SMD", "3V3", "", "R", 31.11, 21.26, 0, 0],
		[17, "C9_1", 1008.54, -3000, "T", "SMD", "GND", "GND", "R", 31.11, 21.26, 0, 0],
		[18, "C9_2", 1051.46, -3000, "T", "SMD", "3V3", "", "R", 31.11, 21.26, 0, 0],
		[19, "C10_1", 1008.54, -3055, "T", "SMD", "GND", "GND", "R", 31.11, 21.26, 0, 0],
		[20, "C10_2", 1051.46, -3055, "T", "SMD", "3V3", "", "R", 31.11, 21.26, 0, 0],
		[21, "C11_1", 1338.54, -2405, "T", "SMD", "GND", "GND", "R", 31.11, 21.26, 0, 0],
		[22, "C11_2", 1381.46, -2405, "T", "SMD", "1V1", "", "R", 31.11, 21.26, 0, 0],
		[23, "C12_1", 1338.54, -2350, "T", "SMD", "GND", "GND", "R", 31.11, 21.26, 0, 0],
		[24, "C12_2", 1381.46, -2350, "T", "SMD", "1V1", "", "R", 31.11, 21.26, 0, 0],
		[25, "C13_1", 833.54, -2795, "T", "SMD", "GND", "GND", "R", 31.11, 21.26, 0, 0],
		[26, "C13_2", 876.46, -2795, "T", "SMD", "3V3", "", "R", 31.11, 21.26, 0, 0],
		[27, "C14_1", 1175, -3157.56, "T", "SMD", "GND", "GND", "R", 31.5, 35.43, 0, 90],
		[28, "C14_2", 1175, -3102.44, "T", "SMD", "XIN", "", "R", 31.5, 35.43, 0, 90],
		[29, "C15_1", 1272.44, -3275, "T", "SMD", "GND", "GND", "R", 31.5, 35.43, 0, 0],
		[30, "C15_2", 1327.56, -3275, "T", "SMD", "$1N3265", "", "R", 31.5, 35.43, 0, 0],
		[31, "C16_1", 1636.46, -3355, "T", "SMD", "GND", "GND", "R", 31.11, 21.26, 0, 180],
		[32, "C16_2", 1593.54, -3355, "T", "SMD", "5V", "", "R", 31.11, 21.26, 0, 180],
		[33, "C17_1", 1880, -2173.54, "T", "SMD", "GND", "GND", "R", 31.11, 21.26, 0, 270],
		[34, "C17_2", 1880, -2216.46, "T", "SMD", "5V", "", "R", 31.11, 21.26, 0, 270],
		[35, "C18_1", 1432.3, -2215.63, "T", "SMD", "GND", "GND", "R", 58.47, 68.03, 0, 0],
		[36, "C18_2", 1557.7, -2215.63, "T", "SMD", "3V3_SIG", "", "R", 58.47, 68.03, 0, 0],
		[37, "C19_1", 1175, -3667.7, "T", "SMD", "GND", "GND", "R", 58.47, 68.03, 0, 90],
		[38, "C19_2", 1175, -3542.3, "T", "SMD", "3V3", "", "R", 58.47, 68.03, 0, 90],
		[39, "C20_1", 1712.3, -3135, "T", "SMD", "GND", "GND", "R", 58.47, 68.03, 0, 0],
		[40, "C20_2", 1837.7, -3135, "T", "SMD", "5V", "", "R", 58.47, 68.03, 0, 0],
		[41, "C21_1", 1792.44, -3035, "T", "SMD", "GND", "GND", "R", 31.5, 35.43, 0, 0],
		[42, "C21_2", 1847.56, -3035, "T", "SMD", "5V", "", "R", 31.5, 35.43, 0, 0],
		[43, "C22_1", 702.44, -205, "T", "SMD", "GND", "GND", "R", 31.5, 35.43, 0, 0],
		[44, "C22_2", 757.56, -205, "T", "SMD", "$4N975", "", "R", 31.5, 35.43, 0, 0],
		[45, "C23_1", 707.44, -475, "T", "SMD", "GND", "GND", "R", 31.5, 35.43, 0, 0],
		[46, "C23_2", 762.56, -475, "T", "SMD", "$4N1011", "", "R", 31.5, 35.43, 0, 0],
		[47, "C24_1", 1190, -427.56, "T", "SMD", "GND", "GND", "R", 31.5, 35.43, 0, 90],
		[48, "C24_2", 1190, -372.44, "T", "SMD", "$4N1463", "", "R", 31.5, 35.43, 0, 90],
		[49, "C25_1", 722.44, -950, "T", "SMD", "GND", "GND", "R", 31.5, 35.43, 0, 0],
		[50, "C25_2", 777.56, -950, "T", "SMD", "5V", "", "R", 31.5, 35.43, 0, 0],
		[51, "C26_1", 1097.56, -200, "T", "SMD", "GND", "GND", "R", 31.5, 35.43, 0, 180],
		[52, "C26_2", 1042.44, -200, "T", "SMD", "5V", "", "R", 31.5, 35.43, 0, 180],
		[53, "C27_1", 1092.56, -3245, "T", "SMD", "GND", "GND", "R", 31.5, 35.43, 0, 180],
		[54, "C27_2", 1037.44, -3245, "T", "SMD", "VREF_2V5", "", "R", 31.5, 35.43, 0, 180],
		[55, "D1_1", 243.31, -1085, "T", "SMD", "$3N3943", "", "R", 43.31, 39.37, 0, 180],
		[56, "D1_2", 106.69, -1085, "T", "SMD", "GND", "GND", "R", 43.31, 39.37, 0, 180],
		[57, "D2_1", 243.31, -1210, "T", "SMD", "$3N3947", "", "R", 43.31, 39.37, 0, 180],
		[58, "D2_2", 106.69, -1210, "T", "SMD", "GND", "GND", "R", 43.31, 39.37, 0, 180],
		[59, "H1_1", 1820, -2685, "T", "DIP", "$1N586", "", "R", 66.93, 66.93, 43.31, 270],
		[60, "H1_1", 1820, -2685, "B", "DIP", "$1N586", "", "R", 66.93, 66.93, 43.31, 270],
		[61, "H1_2", 1820, -2785, "T", "DIP", "GND", "GND", "C", 66.93, 66.93, 43.31, 270],
		[62, "H1_2", 1820, -2785, "B", "DIP", "GND", "GND", "C", 66.93, 66.93, 43.31, 270],
		[63, "H1_3", 1820, -2885, "T", "DIP", "$1N583", "", "C", 66.93, 66.93, 43.31, 270],
		[64, "H1_3", 1820, -2885, "B", "DIP", "$1N583", "", "C", 66.93, 66.93, 43.31, 270],
		[65, "H2_1", 811.81, -3543.31, "T", "DIP", "GND", "GND", "R", 66.93, 66.93, 43.31, 180],
		[66, "H2_1", 811.81, -3543.31, "B", "DIP", "GND", "GND", "R", 66.93, 66.93, 43.31, 180],
		[67, "H2_2", 711.81, -3543.31, "T", "DIP", "GND", "GND", "C", 66.93, 66.93, 43.31, 180],
		[68, "H2_2", 711.81, -3543.31, "B", "DIP", "GND", "GND", "C", 66.93, 66.93, 43.31, 180],
		[69, "H2_3", 611.81, -3543.31, "T", "DIP", "$1N2833", "", "C", 66.93, 66.93, 43.31, 180],
		[70, "H2_3", 611.81, -3543.31, "B", "DIP", "$1N2833", "", "C", 66.93, 66.93, 43.31, 180],
		[71, "H2_4", 511.81, -3543.31, "T", "DIP", "USB_D+", "", "C", 66.93, 66.93, 43.31, 180],
		[72, "H2_4", 511.81, -3543.31, "B", "DIP", "USB_D+", "", "C", 66.93, 66.93, 43.31, 180],
		[73, "H2_5", 411.81, -3543.31, "T", "DIP", "USB_D-", "", "C", 66.93, 66.93, 43.31, 180],
		[74, "H2_5", 411.81, -3543.31, "B", "DIP", "USB_D-", "", "C", 66.93, 66.93, 43.31, 180],
		[75, "H2_6", 311.81, -3543.31, "T", "DIP", "$1N2830", "", "C", 66.93, 66.93, 43.31, 180],
		[76, "H2_6", 311.81, -3543.31, "B", "DIP", "$1N2830", "", "C", 66.93, 66.93, 43.31, 180],
		[77, "H2_7", 211.81, -3543.31, "T", "DIP", "H2_7", "", "C", 66.93, 66.93, 43.31, 180],
		[78, "H2_7", 211.81, -3543.31, "B", "DIP", "H2_7", "", "C", 66.93, 66.93, 43.31, 180],
		[79, "H3_1", 1896.77, -3270, "T", "DIP", "5V", "", "R", 66.93, 66.93, 43.31, 270],
		[80, "H3_1", 1896.77, -3270, "B", "DIP", "5V", "", "R", 66.93, 66.93, 43.31, 270],
		[81, "H3_2", 1796.77, -3270, "T", "DIP", "5V", "", "C", 66.93, 66.93, 43.31, 270],
		[82, "H3_2", 1796.77, -3270, "B", "DIP", "5V", "", "C", 66.93, 66.93, 43.31, 270],
		[83, "H3_3", 1896.77, -3370, "T", "DIP", "GND", "GND", "C", 66.93, 66.93, 43.31, 270],
		[84, "H3_3", 1896.77, -3370, "B", "DIP", "GND", "GND", "C", 66.93, 66.93, 43.31, 270],
		[85, "H3_4", 1796.77, -3370, "T", "DIP", "GND", "GND", "C", 66.93, 66.93, 43.31, 270],
		[86, "H3_4", 1796.77, -3370, "B", "DIP", "GND", "GND", "C", 66.93, 66.93, 43.31, 270],
		[87, "H3_5", 1896.77, -3470, "T", "DIP", "H3_5", "", "C", 66.93, 66.93, 43.31, 270],
		[88, "H3_5", 1896.77, -3470, "B", "DIP", "H3_5", "", "C", 66.93, 66.93, 43.31, 270],
		[89, "H3_6", 1796.77, -3470, "T", "DIP", "H3_6", "", "C", 66.93, 66.93, 43.31, 270],
		[90, "H3_6", 1796.77, -3470, "B", "DIP", "H3_6", "", "C", 66.93, 66.93, 43.31, 270],
		[91, "H3_7", 1896.77, -3570, "T", "DIP", "H3_7", "", "C", 66.93, 66.93, 43.31, 270],
		[92, "H3_7", 1896.77, -3570, "B", "DIP", "H3_7", "", "C", 66.93, 66.93, 43.31, 270],
		[93, "H3_8", 1796.77, -3570, "T", "DIP", "H3_8", "", "C", 66.93, 66.93, 43.31, 270],
		[94, "H3_8", 1796.77, -3570, "B", "DIP", "H3_8", "", "C", 66.93, 66.93, 43.31, 270],
		[95, "H3_9", 1896.77, -3670, "T", "DIP", "H3_9", "", "C", 66.93, 66.93, 43.31, 270],
		[96, "H3_9", 1896.77, -3670, "B", "DIP", "H3_9", "", "C", 66.93, 66.93, 43.31, 270],
		[97, "H3_10", 1796.77, -3670, "T", "DIP", "H3_10", "", "C", 66.93, 66.93, 43.31, 270],
		[98, "H3_10", 1796.77, -3670, "B", "DIP", "H3_10", "", "C", 66.93, 66.93, 43.31, 270],
		[99, "H4_1", 100, -193.31, "T", "DIP", "CV_1_IN", "", "R", 70.87, 70.87, 47.24, 270],
		[100, "H4_1", 100, -193.31, "B", "DIP", "CV_1_IN", "", "R", 70.87, 70.87, 47.24, 270],
		[101, "H4_2", 100, -293.31, "T", "DIP", "CV_2_IN", "", "C", 70.87, 70.87, 47.24, 270],
		[102, "H4_2", 100, -293.31, "B", "DIP", "CV_2_IN", "", "C", 70.87, 70.87, 47.24, 270],
		[103, "H4_3", 100, -393.31, "T", "DIP", "PULSE_1_IN", "", "C", 70.87, 70.87, 47.24, 270],
		[104, "H4_3", 100, -393.31, "B", "DIP", "PULSE_1_IN", "", "C", 70.87, 70.87, 47.24, 270],
		[105, "H4_4", 100, -493.31, "T", "DIP", "PULSE_2_IN", "", "C", 70.87, 70.87, 47.24, 270],
		[106, "H4_4", 100, -493.31, "B", "DIP", "PULSE_2_IN", "", "C", 70.87, 70.87, 47.24, 270],
		[107, "H4_5", 100, -593.31, "T", "DIP", "$4N399", "", "C", 70.87, 70.87, 47.24, 270],
		[108, "H4_5", 100, -593.31, "B", "DIP", "$4N399", "", "C", 70.87, 70.87, 47.24, 270],
		[109, "H4_6", 100, -693.31, "T", "DIP", "$4N399", "", "C", 70.87, 70.87, 47.24, 270],
		[110, "H4_6", 100, -693.31, "B", "DIP", "$4N399", "", "C", 70.87, 70.87, 47.24, 270],
		[111, "H4_7", 100, -793.31, "T", "DIP", "$4N399", "", "C", 70.87, 70.87, 47.24, 270],
		[112, "H4_7", 100, -793.31, "B", "DIP", "$4N399", "", "C", 70.87, 70.87, 47.24, 270],
		[113, "H4_8", 100, -893.31, "T", "DIP", "$4N399", "", "C", 70.87, 70.87, 47.24, 270],
		[114, "H4_8", 100, -893.31, "B", "DIP", "$4N399", "", "C", 70.87, 70.87, 47.24, 270],
		[115, "H5_1", 1868.5, -193.31, "T", "DIP", "A1_OUT", "", "R", 70.87, 70.87, 47.24, 270],
		[116, "H5_1", 1868.5, -193.31, "B", "DIP", "A1_OUT", "", "R", 70.87, 70.87, 47.24, 270],
		[117, "H5_2", 1868.5, -293.31, "T", "DIP", "A2_OUT", "", "C", 70.87, 70.87, 47.24, 270],
		[118, "H5_2", 1868.5, -293.31, "B", "DIP", "A2_OUT", "", "C", 70.87, 70.87, 47.24, 270],
		[119, "H5_3", 1868.5, -393.31, "T", "DIP", "A3_OUT", "", "C", 70.87, 70.87, 47.24, 270],
		[120, "H5_3", 1868.5, -393.31, "B", "DIP", "A3_OUT", "", "C", 70.87, 70.87, 47.24, 270],
		[121, "H5_4", 1868.5, -493.31, "T", "DIP", "D1_OUT", "", "C", 70.87, 70.87, 47.24, 270],
		[122, "H5_4", 1868.5, -493.31, "B", "DIP", "D1_OUT", "", "C", 70.87, 70.87, 47.24, 270],
		[123, "H5_5", 1868.5, -593.31, "T", "DIP", "D2_OUT", "", "C", 70.87, 70.87, 47.24, 270],
		[124, "H5_5", 1868.5, -593.31, "B", "DIP", "D2_OUT", "", "C", 70.87, 70.87, 47.24, 270],
		[125, "H5_6", 1868.5, -693.31, "T", "DIP", "D3_OUT", "", "C", 70.87, 70.87, 47.24, 270],
		[126, "H5_6", 1868.5, -693.31, "B", "DIP", "D3_OUT", "", "C", 70.87, 70.87, 47.24, 270],
		[127, "H5_7", 1868.5, -793.31, "T", "DIP", "H5_7", "", "C", 70.87, 70.87, 47.24, 270],
		[128, "H5_7", 1868.5, -793.31, "B", "DIP", "H5_7", "", "C", 70.87, 70.87, 47.24, 270],
		[129, "H5_8", 1868.5, -893.31, "T", "DIP", "H5_8", "", "C", 70.87, 70.87, 47.24, 270],
		[130, "H5_8", 1868.5, -893.31, "B", "DIP", "H5_8", "", "C", 70.87, 70.87, 47.24, 270],
		[131, "H6_1", 934.25, -1710, "T", "DIP", "EXT_1", "", "R", 70.87, 70.87, 47.24, 90],
		[132, "H6_1", 934.25, -1710, "B", "DIP", "EXT_1", "", "R", 70.87, 70.87, 47.24, 90],
		[133, "H6_2", 1034.25, -1710, "T", "DIP", "EXT_2", "", "C", 70.87, 70.87, 47.24, 90],
		[134, "H6_2", 1034.25, -1710, "B", "DIP", "EXT_2", "", "C", 70.87, 70.87, 47.24, 90],
		[135, "H7_1", 934.25, -1870, "T", "DIP", "EXT_1", "", "R", 70.87, 70.87, 47.24, 90],
		[136, "H7_1", 934.25, -1870, "B", "DIP", "EXT_1", "", "R", 70.87, 70.87, 47.24, 90],
		[137, "H7_2", 1034.25, -1870, "T", "DIP", "EXT_2", "", "C", 70.87, 70.87, 47.24, 90],
		[138, "H7_2", 1034.25, -1870, "B", "DIP", "EXT_2", "", "C", 70.87, 70.87, 47.24, 90],
		[139, "LED1_1", 461.81, -906.22, "T", "DIP", "$3N1669", "", "C", 60, 60, 36, 0],
		[140, "LED1_1", 461.81, -906.22, "B", "DIP", "$3N1669", "", "C", 60, 60, 36, 0],
		[141, "LED1_2", 561.81, -906.22, "T", "DIP", "GND", "GND", "C", 60, 60, 36, 0],
		[142, "LED1_2", 561.81, -906.22, "B", "DIP", "GND", "GND", "C", 60, 60, 36, 0],
		[143, "LED2_1", 461.81, -1091.26, "T", "DIP", "$3N1821", "", "C", 60, 60, 36, 0],
		[144, "LED2_1", 461.81, -1091.26, "B", "DIP", "$3N1821", "", "C", 60, 60, 36, 0],
		[145, "LED2_2", 561.81, -1091.26, "T", "DIP", "GND", "GND", "C", 60, 60, 36, 0],
		[146, "LED2_2", 561.81, -1091.26, "B", "DIP", "GND", "GND", "C", 60, 60, 36, 0],
		[147, "LED3_1", 1406.69, -397.55, "T", "DIP", "$3N1782", "", "C", 60, 60, 36, 0],
		[148, "LED3_1", 1406.69, -397.55, "B", "DIP", "$3N1782", "", "C", 60, 60, 36, 0],
		[149, "LED3_2", 1506.69, -397.55, "T", "DIP", "GND", "GND", "C", 60, 60, 36, 0],
		[150, "LED3_2", 1506.69, -397.55, "B", "DIP", "GND", "GND", "C", 60, 60, 36, 0],
		[151, "LED4_1", 1406.69, -582.59, "T", "DIP", "$3N1977", "", "C", 60, 60, 36, 0],
		[152, "LED4_1", 1406.69, -582.59, "B", "DIP", "$3N1977", "", "C", 60, 60, 36, 0],
		[153, "LED4_2", 1506.69, -582.59, "T", "DIP", "GND", "GND", "C", 60, 60, 36, 0],
		[154, "LED4_2", 1506.69, -582.59, "B", "DIP", "GND", "GND", "C", 60, 60, 36, 0],
		[155, "LED5_1", 1406.69, -767.63, "T", "DIP", "$3N2016", "", "C", 60, 60, 36, 0],
		[156, "LED5_1", 1406.69, -767.63, "B", "DIP", "$3N2016", "", "C", 60, 60, 36, 0],
		[157, "LED5_2", 1506.69, -767.63, "T", "DIP", "GND", "GND", "C", 60, 60, 36, 0],
		[158, "LED5_2", 1506.69, -767.63, "B", "DIP", "GND", "GND", "C", 60, 60, 36, 0],
		[159, "LED6_1", 1406.69, -952.67, "T", "DIP", "$3N1860", "", "C", 60, 60, 36, 0],
		[160, "LED6_1", 1406.69, -952.67, "B", "DIP", "$3N1860", "", "C", 60, 60, 36, 0],
		[161, "LED6_2", 1506.69, -952.67, "T", "DIP", "GND", "GND", "C", 60, 60, 36, 0],
		[162, "LED6_2", 1506.69, -952.67, "B", "DIP", "GND", "GND", "C", 60, 60, 36, 0],
		[163, "LED7_1", 1406.69, -1137.71, "T", "DIP", "$3N1899", "", "C", 60, 60, 36, 0],
		[164, "LED7_1", 1406.69, -1137.71, "B", "DIP", "$3N1899", "", "C", 60, 60, 36, 0],
		[165, "LED7_2", 1506.69, -1137.71, "T", "DIP", "GND", "GND", "C", 60, 60, 36, 0],
		[166, "LED7_2", 1506.69, -1137.71, "B", "DIP", "GND", "GND", "C", 60, 60, 36, 0],
		[167, "LED8_1", 1406.69, -1322.75, "T", "DIP", "$3N1938", "", "C", 60, 60, 36, 0],
		[168, "LED8_1", 1406.69, -1322.75, "B", "DIP", "$3N1938", "", "C", 60, 60, 36, 0],
		[169, "LED8_2", 1506.69, -1322.75, "T", "DIP", "GND", "GND", "C", 60, 60, 36, 0],
		[170, "LED8_2", 1506.69, -1322.75, "B", "DIP", "GND", "GND", "C", 60, 60, 36, 0],
		[171, "LED9_1", 461.81, -536.14, "T", "DIP", "$3N2055", "", "C", 60, 60, 36, 0],
		[172, "LED9_1", 461.81, -536.14, "B", "DIP", "$3N2055", "", "C", 60, 60, 36, 0],
		[173, "LED9_2", 561.81, -536.14, "T", "DIP", "GND", "GND", "C", 60, 60, 36, 0],
		[174, "LED9_2", 561.81, -536.14, "B", "DIP", "GND", "GND", "C", 60, 60, 36, 0],
		[175, "LED10_1", 461.81, -721.18, "T", "DIP", "$3N2094", "", "C", 60, 60, 36, 0],
		[176, "LED10_1", 461.81, -721.18, "B", "DIP", "$3N2094", "", "C", 60, 60, 36, 0],
		[177, "LED10_2", 561.81, -721.18, "T", "DIP", "GND", "GND", "C", 60, 60, 36, 0],
		[178, "LED10_2", 561.81, -721.18, "B", "DIP", "GND", "GND", "C", 60, 60, 36, 0],
		[179, "LED11_1", 160.37, -2330.66, "T", "SMD", "$3N2349", "", "R", 31.5, 31.5, 0, 90],
		[180, "LED11_2", 93.37, -2330.66, "T", "SMD", "GND", "GND", "R", 31.5, 31.5, 0, 90],
		[181, "Q1_1", 435.63, -1362.6, "T", "SMD", "$3N3943", "", "R", 49.21, 27.56, 0, 180],
		[182, "Q1_2", 435.63, -1437.4, "T", "SMD", "GND", "GND", "R", 49.21, 27.56, 0, 180],
		[183, "Q1_3", 514.37, -1400, "T", "SMD", "GATEINPUT_1", "", "R", 49.21, 27.56, 0, 180],
		[184, "Q2_1", 245.63, -1362.6, "T", "SMD", "$3N3947", "", "R", 49.21, 27.56, 0, 180],
		[185, "Q2_2", 245.63, -1437.4, "T", "SMD", "GND", "GND", "R", 49.21, 27.56, 0, 180],
		[186, "Q2_3", 324.37, -1400, "T", "SMD", "GATEINPUT_2", "", "R", 49.21, 27.56, 0, 180],
		[187, "R1_1", 840.07, -3425, "T", "SMD", "$1N1134", "", "R", 47.54, 66.97, 0, 180],
		[188, "R1_2", 723.63, -3425, "T", "SMD", "USB_D+", "", "R", 47.54, 66.97, 0, 180],
		[189, "R2_1", 183.67, -3425, "T", "SMD", "$1N1137", "", "R", 47.54, 66.97, 0, 0],
		[190, "R2_2", 300.11, -3425, "T", "SMD", "USB_D-", "", "R", 47.54, 66.97, 0, 0],
		[191, "R3_1", 589.37, -2780, "T", "SMD", "$1N2275", "", "R", 44.59, 54.21, 0, 180],
		[192, "R3_2", 510.63, -2780, "T", "SMD", "$1N2485", "", "R", 44.59, 54.21, 0, 180],
		[193, "R4_1", 615, -3650.34, "T", "SMD", "$1N2833", "", "R", 31.75, 34.02, 0, 270],
		[194, "R4_2", 615, -3709.66, "T", "SMD", "GND", "GND", "R", 31.75, 34.02, 0, 270],
		[195, "R5_1", 310, -3650.34, "T", "SMD", "$1N2830", "", "R", 31.75, 34.02, 0, 270],
		[196, "R5_2", 310, -3709.66, "T", "SMD", "GND", "GND", "R", 31.75, 34.02, 0, 270],
		[197, "R6_1", 1415, -3199.37, "T", "SMD", "$1N3265", "", "R", 44.59, 54.21, 0, 90],
		[198, "R6_2", 1415, -3120.63, "T", "SMD", "XOUT", "", "R", 44.59, 54.21, 0, 90],
		[199, "R7_1", 372.25, -812.19, "T", "SMD", "LED_IN_1", "", "R", 31.75, 34.02, 0, 270],
		[200, "R7_2", 372.25, -871.51, "T", "SMD", "$3N1669", "", "R", 31.75, 34.02, 0, 270],
		[201, "R8_1", 1598.74, -405.34, "T", "SMD", "LED_A1", "", "R", 31.75, 34.02, 0, 270],
		[202, "R8_2", 1598.74, -464.66, "T", "SMD", "$3N1782", "", "R", 31.75, 34.02, 0, 270],
		[203, "R9_1", 372.25, -1000.88, "T", "SMD", "LED_IN_2", "", "R", 31.75, 34.02, 0, 270],
		[204, "R9_2", 372.25, -1060.2, "T", "SMD", "$3N1821", "", "R", 31.75, 34.02, 0, 270],
		[205, "R10_1", 1593.74, -960.34, "T", "SMD", "LED_D1", "", "R", 31.75, 34.02, 0, 270],
		[206, "R10_2", 1593.74, -1019.66, "T", "SMD", "$3N1860", "", "R", 31.75, 34.02, 0, 270],
		[207, "R11_1", 1593.74, -1150.34, "T", "SMD", "LED_D2", "", "R", 31.75, 34.02, 0, 270],
		[208, "R11_2", 1593.74, -1209.66, "T", "SMD", "$3N1899", "", "R", 31.75, 34.02, 0, 270],
		[209, "R12_1", 1593.74, -1320.34, "T", "SMD", "LED_D3", "", "R", 31.75, 34.02, 0, 270],
		[210, "R12_2", 1593.74, -1379.66, "T", "SMD", "$3N1938", "", "R", 31.75, 34.02, 0, 270],
		[211, "R13_1", 1593.74, -605.34, "T", "SMD", "LED_A2", "", "R", 31.75, 34.02, 0, 270],
		[212, "R13_2", 1593.74, -664.66, "T", "SMD", "$3N1977", "", "R", 31.75, 34.02, 0, 270],
		[213, "R14_1", 1593.74, -790.34, "T", "SMD", "LED_A3", "", "R", 31.75, 34.02, 0, 270],
		[214, "R14_2", 1593.74, -849.66, "T", "SMD", "$3N2016", "", "R", 31.75, 34.02, 0, 270],
		[215, "R15_1", 368.53, -427.19, "T", "SMD", "CV_IN_1", "", "R", 31.75, 34.02, 0, 270],
		[216, "R15_2", 368.53, -486.51, "T", "SMD", "$3N2055", "", "R", 31.75, 34.02, 0, 270],
		[217, "R16_1", 368.53, -615.88, "T", "SMD", "CV_IN_2", "", "R", 31.75, 34.02, 0, 270],
		[218, "R16_2", 368.53, -675.2, "T", "SMD", "$3N2094", "", "R", 31.75, 34.02, 0, 270],
		[219, "R17_1", 320.01, -2330.66, "T", "SMD", "LED_TEST", "", "R", 31.75, 34.02, 0, 180],
		[220, "R17_2", 260.69, -2330.66, "T", "SMD", "$3N2349", "", "R", 31.75, 34.02, 0, 180],
		[221, "R18_1", 374.02, -2027.56, "T", "DIP", "$4N3699", "", "C", 66.93, 66.93, 43.31, 0],
		[222, "R18_1", 374.02, -2027.56, "B", "DIP", "$4N3699", "", "C", 66.93, 66.93, 43.31, 0],
		[223, "R18_2", 472.44, -2027.56, "T", "DIP", "$4N3239", "", "C", 66.93, 66.93, 43.31, 0],
		[224, "R18_2", 472.44, -2027.56, "B", "DIP", "$4N3239", "", "C", 66.93, 66.93, 43.31, 0],
		[225, "R18_3", 570.87, -2027.56, "T", "DIP", "$4N3570", "", "C", 66.93, 66.93, 43.31, 0],
		[226, "R18_3", 570.87, -2027.56, "B", "DIP", "$4N3570", "", "C", 66.93, 66.93, 43.31, 0],
		[227, "R18_4", 669.29, -1751.97, "T", "DIP", "R18_4", "", "O", 118.11, 129.92, 90.55, 0],
		[228, "R18_4", 669.29, -1751.97, "B", "DIP", "R18_4", "", "O", 118.11, 129.92, 90.55, 0],
		[229, "R18_5", 275.59, -1751.97, "T", "DIP", "R18_5", "", "O", 118.11, 129.92, 90.55, 0],
		[230, "R18_5", 275.59, -1751.97, "B", "DIP", "R18_5", "", "O", 118.11, 129.92, 90.55, 0],
		[231, "R19_1", 1397.64, -2027.56, "T", "DIP", "$4N5035", "", "C", 66.93, 66.93, 43.31, 0],
		[232, "R19_1", 1397.64, -2027.56, "B", "DIP", "$4N5035", "", "C", 66.93, 66.93, 43.31, 0],
		[233, "R19_2", 1496.06, -2027.56, "T", "DIP", "$4N3278", "", "C", 66.93, 66.93, 43.31, 0],
		[234, "R19_2", 1496.06, -2027.56, "B", "DIP", "$4N3278", "", "C", 66.93, 66.93, 43.31, 0],
		[235, "R19_3", 1594.49, -2027.56, "T", "DIP", "$4N4818", "", "C", 66.93, 66.93, 43.31, 0],
		[236, "R19_3", 1594.49, -2027.56, "B", "DIP", "$4N4818", "", "C", 66.93, 66.93, 43.31, 0],
		[237, "R19_4", 1692.91, -1751.97, "T", "DIP", "R19_4", "", "O", 118.11, 129.92, 90.55, 0],
		[238, "R19_4", 1692.91, -1751.97, "B", "DIP", "R19_4", "", "O", 118.11, 129.92, 90.55, 0],
		[239, "R19_5", 1299.21, -1751.97, "T", "DIP", "R19_5", "", "O", 118.11, 129.92, 90.55, 0],
		[240, "R19_5", 1299.21, -1751.97, "B", "DIP", "R19_5", "", "O", 118.11, 129.92, 90.55, 0],
		[241, "R20_1", 200, -395.34, "T", "SMD", "PULSE_1_IN", "", "R", 31.75, 34.02, 0, 270],
		[242, "R20_2", 200, -454.66, "T", "SMD", "$3N3943", "", "R", 31.75, 34.02, 0, 270],
		[243, "R21_1", 200, -525.34, "T", "SMD", "PULSE_2_IN", "", "R", 31.75, 34.02, 0, 270],
		[244, "R21_2", 200, -584.66, "T", "SMD", "$3N3947", "", "R", 31.75, 34.02, 0, 270],
		[245, "R22_1", 830, -1840.34, "T", "SMD", "3V3", "", "R", 31.75, 34.02, 0, 270],
		[246, "R22_2", 830, -1899.66, "T", "SMD", "EXT_1", "", "R", 31.75, 34.02, 0, 270],
		[247, "R23_1", 1140, -1840.34, "T", "SMD", "3V3", "", "R", 31.75, 34.02, 0, 270],
		[248, "R23_2", 1140, -1899.66, "T", "SMD", "EXT_2", "", "R", 31.75, 34.02, 0, 270],
		[249, "R24_1", 680.63, -295, "T", "SMD", "PWM1", "", "R", 44.59, 54.21, 0, 0],
		[250, "R24_2", 759.37, -295, "T", "SMD", "$4N975", "", "R", 44.59, 54.21, 0, 0],
		[251, "R25_1", 680.63, -390, "T", "SMD", "PWM2", "", "R", 44.59, 54.21, 0, 0],
		[252, "R25_2", 759.37, -390, "T", "SMD", "$4N1011", "", "R", 44.59, 54.21, 0, 0],
		[253, "R26_1", 865.34, -195, "T", "SMD", "$4N1087", "", "R", 31.75, 34.02, 0, 0],
		[254, "R26_2", 924.66, -195, "T", "SMD", "$4N1141", "", "R", 31.75, 34.02, 0, 0],
		[255, "R27_1", 840.63, -85, "T", "SMD", "GND", "GND", "R", 44.59, 54.21, 0, 0],
		[256, "R27_2", 919.37, -85, "T", "SMD", "$4N1141", "", "R", 44.59, 54.21, 0, 0],
		[257, "R28_1", 1015.63, -115, "T", "SMD", "$4N1087", "", "R", 44.59, 54.21, 0, 0],
		[258, "R28_2", 1094.37, -115, "T", "SMD", "A1_OUT", "", "R", 44.59, 54.21, 0, 0],
		[259, "R29_1", 865.34, -510, "T", "SMD", "$4N1262", "", "R", 31.75, 34.02, 0, 0],
		[260, "R29_2", 924.66, -510, "T", "SMD", "$4N1304", "", "R", 31.75, 34.02, 0, 0],
		[261, "R30_1", 1005, -594.37, "T", "SMD", "GND", "GND", "R", 44.59, 54.21, 0, 90],
		[262, "R30_2", 1005, -515.63, "T", "SMD", "$4N1304", "", "R", 44.59, 54.21, 0, 90],
		[263, "R31_1", 1230.63, -240, "T", "SMD", "$4N1262", "", "R", 44.59, 54.21, 0, 0],
		[264, "R31_2", 1309.37, -240, "T", "SMD", "A2_OUT", "", "R", 44.59, 54.21, 0, 0],
		[265, "R32_1", 1269.37, -620, "T", "SMD", "GND", "GND", "R", 44.59, 54.21, 0, 180],
		[266, "R32_2", 1190.63, -620, "T", "SMD", "$4N1458", "", "R", 44.59, 54.21, 0, 180],
		[267, "R33_1", 1275, -424.37, "T", "SMD", "PWM3", "", "R", 44.59, 54.21, 0, 90],
		[268, "R33_2", 1275, -345.63, "T", "SMD", "$4N1463", "", "R", 44.59, 54.21, 0, 90],
		[269, "R34_1", 1115.34, -535, "T", "SMD", "$4N1598", "", "R", 31.75, 34.02, 0, 0],
		[270, "R34_2", 1174.66, -535, "T", "SMD", "$4N1458", "", "R", 31.75, 34.02, 0, 0],
		[271, "R35_1", 1690.63, -395, "T", "SMD", "$4N1598", "", "R", 44.59, 54.21, 0, 0],
		[272, "R35_2", 1769.37, -395, "T", "SMD", "A3_OUT", "", "R", 44.59, 54.21, 0, 0],
		[273, "R36_1", 874.37, -780, "T", "SMD", "$5N742", "", "R", 44.59, 54.21, 0, 180],
		[274, "R36_2", 795.63, -780, "T", "SMD", "$5N835", "", "R", 44.59, 54.21, 0, 180],
		[275, "R37_1", 874.37, -1115, "T", "SMD", "$5N781", "", "R", 44.59, 54.21, 0, 180],
		[276, "R37_2", 795.63, -1115, "T", "SMD", "$5N1108", "", "R", 44.59, 54.21, 0, 180],
		[277, "R38_1", 1130.63, -1130, "T", "SMD", "$5N820", "", "R", 44.59, 54.21, 0, 0],
		[278, "R38_2", 1209.37, -1130, "T", "SMD", "$5N1169", "", "R", 44.59, 54.21, 0, 0],
		[279, "R39_1", 720.34, -875, "T", "SMD", "GND", "GND", "R", 31.75, 34.02, 0, 0],
		[280, "R39_2", 779.66, -875, "T", "SMD", "$5N835", "", "R", 31.75, 34.02, 0, 0],
		[281, "R40_1", 720.34, -1030, "T", "SMD", "GND", "GND", "R", 31.75, 34.02, 0, 0],
		[282, "R40_2", 779.66, -1030, "T", "SMD", "$5N1108", "", "R", 31.75, 34.02, 0, 0],
		[283, "R41_1", 1210, -970.34, "T", "SMD", "GND", "GND", "R", 31.75, 34.02, 0, 270],
		[284, "R41_2", 1210, -1029.66, "T", "SMD", "$5N1169", "", "R", 31.75, 34.02, 0, 270],
		[285, "R42_1", 950.63, -780, "T", "SMD", "$5N742", "", "R", 44.59, 54.21, 0, 0],
		[286, "R42_2", 1029.37, -780, "T", "SMD", "D1_OUT", "", "R", 44.59, 54.21, 0, 0],
		[287, "R43_1", 955.63, -1115, "T", "SMD", "$5N781", "", "R", 44.59, 54.21, 0, 0],
		[288, "R43_2", 1034.37, -1115, "T", "SMD", "D2_OUT", "", "R", 44.59, 54.21, 0, 0],
		[289, "R44_1", 1175.63, -1285, "T", "SMD", "$5N820", "", "R", 44.59, 54.21, 0, 0],
		[290, "R44_2", 1254.37, -1285, "T", "SMD", "D3_OUT", "", "R", 44.59, 54.21, 0, 0],
		[291, "R45_1", 230, -1925.34, "T", "SMD", "CV_1_IN", "", "R", 31.75, 34.02, 0, 270],
		[292, "R45_2", 230, -1984.66, "T", "SMD", "$4N3239", "", "R", 31.75, 34.02, 0, 270],
		[293, "R46_1", 1255, -1925.34, "T", "SMD", "CV_2_IN", "", "R", 31.75, 34.02, 0, 270],
		[294, "R46_2", 1255, -1984.66, "T", "SMD", "$4N3278", "", "R", 31.75, 34.02, 0, 270],
		[295, "R47_1", 510, -2360.34, "T", "SMD", "$4N3636", "", "R", 31.75, 34.02, 0, 270],
		[296, "R47_2", 510, -2419.66, "T", "SMD", "$4N3570", "", "R", 31.75, 34.02, 0, 270],
		[297, "R48_1", 610.34, -2315, "T", "SMD", "$4N3636", "", "R", 31.75, 34.02, 0, 0],
		[298, "R48_2", 669.66, -2315, "T", "SMD", "$4N3699", "", "R", 31.75, 34.02, 0, 0],
		[299, "R49_1", 670.63, -2650, "T", "SMD", "$4N3699", "", "R", 44.59, 54.21, 0, 0],
		[300, "R49_2", 749.37, -2650, "T", "SMD", "5V", "", "R", 44.59, 54.21, 0, 0],
		[301, "R50_1", 525, -2589.66, "T", "SMD", "CV_IN_1", "", "R", 31.75, 34.02, 0, 90],
		[302, "R50_2", 525, -2530.34, "T", "SMD", "$4N4788", "", "R", 31.75, 34.02, 0, 90],
		[303, "R51_1", 460, -2530.34, "T", "SMD", "$4N4788", "", "R", 31.75, 34.02, 0, 270],
		[304, "R51_2", 460, -2589.66, "T", "SMD", "$4N3699", "", "R", 31.75, 34.02, 0, 270],
		[305, "R52_1", 1088.46, -3346.68, "T", "SMD", "VREF_2V5", "", "R", 44.59, 54.21, 0, 270],
		[306, "R52_2", 1088.46, -3425.42, "T", "SMD", "5V", "", "R", 44.59, 54.21, 0, 270],
		[307, "R53_1", 976.36, -3425.42, "T", "SMD", "GND", "GND", "R", 44.59, 54.21, 0, 90],
		[308, "R53_2", 976.36, -3346.68, "T", "SMD", "VREF_2V5", "", "R", 44.59, 54.21, 0, 90],
		[309, "R54_1", 970, -2574.66, "T", "SMD", "$4N4873", "", "R", 31.75, 34.02, 0, 90],
		[310, "R54_2", 970, -2515.34, "T", "SMD", "$4N4818", "", "R", 31.75, 34.02, 0, 90],
		[311, "R55_1", 845.34, -2660, "T", "SMD", "$4N4873", "", "R", 31.75, 34.02, 0, 0],
		[312, "R55_2", 904.66, -2660, "T", "SMD", "$4N5035", "", "R", 31.75, 34.02, 0, 0],
		[313, "R56_1", 955.34, -2370, "T", "SMD", "CV_IN_2", "", "R", 31.75, 34.02, 0, 0],
		[314, "R56_2", 1014.66, -2370, "T", "SMD", "$4N5031", "", "R", 31.75, 34.02, 0, 0],
		[315, "R57_1", 1014.66, -2440, "T", "SMD", "$4N5031", "", "R", 31.75, 34.02, 0, 180],
		[316, "R57_2", 955.34, -2440, "T", "SMD", "$4N5035", "", "R", 31.75, 34.02, 0, 180],
		[317, "R58_1", 849.37, -2330, "T", "SMD", "$4N5035", "", "R", 44.59, 54.21, 0, 180],
		[318, "R58_2", 770.63, -2330, "T", "SMD", "5V", "", "R", 44.59, 54.21, 0, 180],
		[319, "SW1_1", 327.95, -2499.53, "T", "DIP", "GND", "GND", "C", 78.74, 78.74, 47.24, 180],
		[320, "SW1_1", 327.95, -2499.53, "B", "DIP", "GND", "GND", "C", 78.74, 78.74, 47.24, 180],
		[321, "SW1_2", 72.05, -2499.53, "T", "DIP", "GND", "GND", "C", 78.74, 78.74, 47.24, 180],
		[322, "SW1_2", 72.05, -2499.53, "B", "DIP", "GND", "GND", "C", 78.74, 78.74, 47.24, 180],
		[323, "SW1_3", 72.05, -2676.69, "T", "DIP", "$1N2485", "", "C", 78.74, 78.74, 47.24, 180],
		[324, "SW1_3", 72.05, -2676.69, "B", "DIP", "$1N2485", "", "C", 78.74, 78.74, 47.24, 180],
		[325, "SW1_4", 327.95, -2676.69, "T", "DIP", "$1N2485", "", "C", 78.74, 78.74, 47.24, 180],
		[326, "SW1_4", 327.95, -2676.69, "B", "DIP", "$1N2485", "", "C", 78.74, 78.74, 47.24, 180],
		[327, "SW2_1", 856.3, -2214.56, "T", "DIP", "SWM", "", "C", 78.74, 78.74, 47.24, 0],
		[328, "SW2_1", 856.3, -2214.56, "B", "DIP", "SWM", "", "C", 78.74, 78.74, 47.24, 0],
		[329, "SW2_2", 1112.2, -2214.56, "T", "DIP", "SWM", "", "C", 78.74, 78.74, 47.24, 0],
		[330, "SW2_2", 1112.2, -2214.56, "B", "DIP", "SWM", "", "C", 78.74, 78.74, 47.24, 0],
		[331, "SW2_3", 1112.2, -2037.4, "T", "DIP", "GND", "GND", "C", 78.74, 78.74, 47.24, 0],
		[332, "SW2_3", 1112.2, -2037.4, "B", "DIP", "GND", "GND", "C", 78.74, 78.74, 47.24, 0],
		[333, "SW2_4", 856.3, -2037.4, "T", "DIP", "GND", "GND", "C", 78.74, 78.74, 47.24, 0],
		[334, "SW2_4", 856.3, -2037.4, "B", "DIP", "GND", "GND", "C", 78.74, 78.74, 47.24, 0],
		[335, "SW3_1", 72.05, -3008.58, "T", "DIP", "RUN", "", "C", 78.74, 78.74, 47.24, 0],
		[336, "SW3_1", 72.05, -3008.58, "B", "DIP", "RUN", "", "C", 78.74, 78.74, 47.24, 0],
		[337, "SW3_2", 327.95, -3008.58, "T", "DIP", "RUN", "", "C", 78.74, 78.74, 47.24, 0],
		[338, "SW3_2", 327.95, -3008.58, "B", "DIP", "RUN", "", "C", 78.74, 78.74, 47.24, 0],
		[339, "SW3_3", 327.95, -2831.42, "T", "DIP", "GND", "GND", "C", 78.74, 78.74, 47.24, 0],
		[340, "SW3_3", 327.95, -2831.42, "B", "DIP", "GND", "GND", "C", 78.74, 78.74, 47.24, 0],
		[341, "SW3_4", 72.05, -2831.42, "T", "DIP", "GND", "GND", "C", 78.74, 78.74, 47.24, 0],
		[342, "SW3_4", 72.05, -2831.42, "B", "DIP", "GND", "GND", "C", 78.74, 78.74, 47.24, 0],
		[343, "SW4_1", 984.25, -1277.95, "T", "DIP", "SWT", "", "O", 90.55, 51.18, 66.93, 180],
		[344, "SW4_1", 984.25, -1277.95, "B", "DIP", "SWT", "", "O", 90.55, 51.18, 66.93, 180],
		[345, "SW4_2", 984.25, -1377.95, "T", "DIP", "GND", "GND", "O", 90.55, 51.18, 66.93, 180],
		[346, "SW4_2", 984.25, -1377.95, "B", "DIP", "GND", "GND", "O", 90.55, 51.18, 66.93, 180],
		[347, "SW4_3", 984.25, -1477.95, "T", "DIP", "SWTB", "", "O", 90.55, 51.18, 66.93, 180],
		[348, "SW4_3", 984.25, -1477.95, "B", "DIP", "SWTB", "", "O", 90.55, 51.18, 66.93, 180],
		[349, "U1_1", 1255.23, -2687.64, "T", "SMD", "3V3", "", "R", 43.31, 7.87, 0, 0],
		[350, "U1_2", 1255.23, -2703.39, "T", "SMD", "EXT_1", "", "R", 43.31, 7.87, 0, 0],
		[351, "U1_3", 1255.23, -2719.14, "T", "SMD", "EXT_2", "", "R", 43.31, 7.87, 0, 0],
		[352, "U1_4", 1255.23, -2734.88, "T", "SMD", "LED_A2", "", "R", 43.31, 7.87, 0, 0],
		[353, "U1_5", 1255.23, -2750.63, "T", "SMD", "LED_A1", "", "R", 43.31, 7.87, 0, 0],
		[354, "U1_6", 1255.23, -2766.38, "T", "SMD", "LED_IN_2", "", "R", 43.31, 7.87, 0, 0],
		[355, "U1_7", 1255.23, -2782.13, "T", "SMD", "LED_IN_1", "", "R", 43.31, 7.87, 0, 0],
		[356, "U1_8", 1255.23, -2797.88, "T", "SMD", "LED_TEST", "", "R", 43.31, 7.87, 0, 0],
		[357, "U1_9", 1255.23, -2813.63, "T", "SMD", "GPIO_7", "", "R", 43.31, 7.87, 0, 0],
		[358, "U1_10", 1255.23, -2829.37, "T", "SMD", "3V3", "", "R", 43.31, 7.87, 0, 0],
		[359, "U1_11", 1255.23, -2845.12, "T", "SMD", "GATEINPUT_1", "", "R", 43.31, 7.87, 0, 0],
		[360, "U1_12", 1255.23, -2860.86, "T", "SMD", "GATEINPUT_2", "", "R", 43.31, 7.87, 0, 0],
		[361, "U1_13", 1255.23, -2876.61, "T", "SMD", "SWM", "", "R", 43.31, 7.87, 0, 0],
		[362, "U1_14", 1255.23, -2892.36, "T", "SMD", "LED_A3", "", "R", 43.31, 7.87, 0, 0],
		[363, "U1_15", 1292.64, -2929.76, "T", "SMD", "LED_D1", "", "R", 43.31, 7.87, 0, 90],
		[364, "U1_16", 1308.38, -2929.76, "T", "SMD", "LED_D2", "", "R", 43.31, 7.87, 0, 90],
		[365, "U1_17", 1324.13, -2929.76, "T", "SMD", "SWT", "", "R", 43.31, 7.87, 0, 90],
		[366, "U1_18", 1339.88, -2929.76, "T", "SMD", "GPIO_15", "", "R", 43.31, 7.87, 0, 90],
		[367, "U1_19", 1355.63, -2929.76, "T", "SMD", "GND", "GND", "R", 43.31, 7.87, 0, 90],
		[368, "U1_20", 1371.38, -2929.76, "T", "SMD", "XIN", "", "R", 43.31, 7.87, 0, 90],
		[369, "U1_21", 1387.12, -2929.76, "T", "SMD", "XOUT", "", "R", 43.31, 7.87, 0, 90],
		[370, "U1_22", 1402.87, -2929.76, "T", "SMD", "3V3", "", "R", 43.31, 7.87, 0, 90],
		[371, "U1_23", 1418.62, -2929.76, "T", "SMD", "1V1", "", "R", 43.31, 7.87, 0, 90],
		[372, "U1_24", 1434.37, -2929.76, "T", "SMD", "$1N583", "", "R", 43.31, 7.87, 0, 90],
		[373, "U1_25", 1450.12, -2929.76, "T", "SMD", "$1N586", "", "R", 43.31, 7.87, 0, 90],
		[374, "U1_26", 1465.86, -2929.76, "T", "SMD", "RUN", "", "R", 43.31, 7.87, 0, 90],
		[375, "U1_27", 1481.61, -2929.76, "T", "SMD", "DIGITAL_3", "", "R", 43.31, 7.87, 0, 90],
		[376, "U1_28", 1497.36, -2929.76, "T", "SMD", "DIGITAL_2", "", "R", 43.31, 7.87, 0, 90],
		[377, "U1_29", 1534.77, -2892.36, "T", "SMD", "DIGITAL_1", "", "R", 43.31, 7.87, 0, 180],
		[378, "U1_30", 1534.77, -2876.61, "T", "SMD", "PWM3", "", "R", 43.31, 7.87, 0, 180],
		[379, "U1_31", 1534.77, -2860.86, "T", "SMD", "PWM2", "", "R", 43.31, 7.87, 0, 180],
		[380, "U1_32", 1534.77, -2845.12, "T", "SMD", "PWM1", "", "R", 43.31, 7.87, 0, 180],
		[381, "U1_33", 1534.77, -2829.37, "T", "SMD", "3V3", "", "R", 43.31, 7.87, 0, 180],
		[382, "U1_34", 1534.77, -2813.63, "T", "SMD", "LED_D3", "", "R", 43.31, 7.87, 0, 180],
		[383, "U1_35", 1534.77, -2797.88, "T", "SMD", "SWTB", "", "R", 43.31, 7.87, 0, 180],
		[384, "U1_36", 1534.77, -2782.13, "T", "SMD", "CV_IN_2", "", "R", 43.31, 7.87, 0, 180],
		[385, "U1_37", 1534.77, -2766.38, "T", "SMD", "CV_IN_1", "", "R", 43.31, 7.87, 0, 180],
		[386, "U1_38", 1534.77, -2750.63, "T", "SMD", "ADC0", "", "R", 43.31, 7.87, 0, 180],
		[387, "U1_39", 1534.77, -2734.88, "T", "SMD", "ADC1", "", "R", 43.31, 7.87, 0, 180],
		[388, "U1_40", 1534.77, -2719.14, "T", "SMD", "ADC2", "", "R", 43.31, 7.87, 0, 180],
		[389, "U1_41", 1534.77, -2703.39, "T", "SMD", "ADC3", "", "R", 43.31, 7.87, 0, 180],
		[390, "U1_42", 1534.77, -2687.64, "T", "SMD", "3V3", "", "R", 43.31, 7.87, 0, 180],
		[391, "U1_43", 1497.36, -2650.24, "T", "SMD", "3V3_SIG", "", "R", 43.31, 7.87, 0, 270],
		[392, "U1_44", 1481.61, -2650.24, "T", "SMD", "3V3", "", "R", 43.31, 7.87, 0, 270],
		[393, "U1_45", 1465.86, -2650.24, "T", "SMD", "1V1", "", "R", 43.31, 7.87, 0, 270],
		[394, "U1_46", 1450.12, -2650.24, "T", "SMD", "$1N1137", "", "R", 43.31, 7.87, 0, 270],
		[395, "U1_47", 1434.37, -2650.24, "T", "SMD", "$1N1134", "", "R", 43.31, 7.87, 0, 270],
		[396, "U1_48", 1418.62, -2650.24, "T", "SMD", "3V3", "", "R", 43.31, 7.87, 0, 270],
		[397, "U1_49", 1402.87, -2650.24, "T", "SMD", "3V3", "", "R", 43.31, 7.87, 0, 270],
		[398, "U1_50", 1387.12, -2650.24, "T", "SMD", "1V1", "", "R", 43.31, 7.87, 0, 270],
		[399, "U1_51", 1371.38, -2650.24, "T", "SMD", "QSPI_SD3", "", "R", 43.31, 7.87, 0, 270],
		[400, "U1_52", 1355.63, -2650.24, "T", "SMD", "QSPI_SCLK", "", "R", 43.31, 7.87, 0, 270],
		[401, "U1_53", 1339.88, -2650.24, "T", "SMD", "QSPI_SD0", "", "R", 43.31, 7.87, 0, 270],
		[402, "U1_54", 1324.13, -2650.24, "T", "SMD", "QSPI_SD2", "", "R", 43.31, 7.87, 0, 270],
		[403, "U1_55", 1308.38, -2650.24, "T", "SMD", "QSPI_SD1", "", "R", 43.31, 7.87, 0, 270],
		[404, "U1_56", 1292.64, -2650.24, "T", "SMD", "QSPI_SS", "", "R", 43.31, 7.87, 0, 270],
		[405, "U1_57", 1395, -2789.99, "T", "SMD", "GND", "GND", "R", 122.05, 122.05, 0, 0],
		[406, "U2_1", 581.02, -2870, "T", "SMD", "$1N2275", "", "O", 24.8, 88.58, 0, 270],
		[407, "U2_2", 581.02, -2920, "T", "SMD", "QSPI_SD1", "", "O", 24.8, 88.58, 0, 270],
		[408, "U2_3", 581.02, -2970, "T", "SMD", "QSPI_SD2", "", "O", 24.8, 88.58, 0, 270],
		[409, "U2_4", 581.02, -3020, "T", "SMD", "GND", "GND", "O", 24.8, 88.58, 0, 270],
		[410, "U2_5", 858.98, -3020, "T", "SMD", "QSPI_SD0", "", "O", 24.8, 88.58, 0, 270],
		[411, "U2_6", 858.98, -2970, "T", "SMD", "QSPI_SCLK", "", "O", 24.8, 88.58, 0, 270],
		[412, "U2_7", 858.98, -2920, "T", "SMD", "QSPI_SD3", "", "O", 24.8, 88.58, 0, 270],
		[413, "U2_8", 858.98, -2870, "T", "SMD", "3V3", "", "O", 24.8, 88.58, 0, 270],
		[414, "U3_1", 1258.97, -3106.25, "T", "SMD", "XIN", "", "R", 55.12, 47.24, 0, 270],
		[415, "U3_2", 1258.97, -3192.87, "T", "SMD", "GND", "GND", "R", 55.12, 47.24, 0, 270],
		[416, "U3_3", 1325.9, -3192.87, "T", "SMD", "$1N3265", "", "R", 55.12, 47.24, 0, 270],
		[417, "U3_4", 1325.9, -3106.25, "T", "SMD", "GND", "GND", "R", 55.12, 47.24, 0, 270],
		[418, "U6_1", 1531.93, -3625.55, "T", "SMD", "GND", "GND", "R", 98.42, 43.31, 0, 0],
		[419, "U6_2", 1531.93, -3535, "T", "SMD", "3V3", "", "R", 98.42, 43.31, 0, 0],
		[420, "U6_3", 1531.93, -3444.45, "T", "SMD", "5V", "", "R", 98.42, 43.31, 0, 0],
		[421, "U6_4", 1298.07, -3535, "T", "SMD", "3V3", "", "R", 92.13, 141.73, 0, 0],
		[422, "U7_1", 1806.93, -2451.18, "T", "SMD", "GND", "GND", "R", 98.42, 43.31, 0, 0],
		[423, "U7_2", 1806.93, -2360.63, "T", "SMD", "3V3_SIG", "", "R", 98.42, 43.31, 0, 0],
		[424, "U7_3", 1806.93, -2270.08, "T", "SMD", "5V", "", "R", 98.42, 43.31, 0, 0],
		[425, "U7_4", 1573.07, -2360.63, "T", "SMD", "3V3_SIG", "", "R", 92.13, 141.73, 0, 0],
		[426, "U8_1", 874.01, -272.6, "T", "SMD", "$4N1087", "", "R", 15.75, 66.93, 0, 270],
		[427, "U8_2", 874.01, -298.19, "T", "SMD", "$4N1141", "", "R", 15.75, 66.93, 0, 270],
		[428, "U8_3", 874.01, -323.78, "T", "SMD", "$4N975", "", "R", 15.75, 66.93, 0, 270],
		[429, "U8_4", 874.01, -349.37, "T", "SMD", "5V", "", "R", 15.75, 66.93, 0, 270],
		[430, "U8_5", 874.01, -374.96, "T", "SMD", "$4N1011", "", "R", 15.75, 66.93, 0, 270],
		[431, "U8_6", 874.01, -400.55, "T", "SMD", "$4N1304", "", "R", 15.75, 66.93, 0, 270],
		[432, "U8_7", 874.01, -426.14, "T", "SMD", "$4N1262", "", "R", 15.75, 66.93, 0, 270],
		[433, "U8_8", 1094.49, -426.14, "T", "SMD", "$4N1598", "", "R", 15.75, 66.93, 0, 270],
		[434, "U8_9", 1094.49, -400.55, "T", "SMD", "$4N1458", "", "R", 15.75, 66.93, 0, 270],
		[435, "U8_10", 1094.49, -374.96, "T", "SMD", "$4N1463", "", "R", 15.75, 66.93, 0, 270],
		[436, "U8_11", 1094.49, -349.37, "T", "SMD", "GND", "GND", "R", 15.75, 66.93, 0, 270],
		[437, "U8_12", 1094.49, -323.78, "T", "SMD", "GND", "GND", "R", 15.75, 66.93, 0, 270],
		[438, "U8_13", 1094.49, -298.19, "T", "SMD", "$4N2505", "", "R", 15.75, 66.93, 0, 270],
		[439, "U8_14", 1094.49, -272.6, "T", "SMD", "$4N2505", "", "R", 15.75, 66.93, 0, 270],
		[440, "U9_1", 874.01, -871.34, "T", "SMD", "$5N742", "", "R", 15.75, 66.93, 0, 270],
		[441, "U9_2", 874.01, -896.93, "T", "SMD", "$5N835", "", "R", 15.75, 66.93, 0, 270],
		[442, "U9_3", 874.01, -922.52, "T", "SMD", "DIGITAL_1", "", "R", 15.75, 66.93, 0, 270],
		[443, "U9_4", 874.01, -948.11, "T", "SMD", "5V", "", "R", 15.75, 66.93, 0, 270],
		[444, "U9_5", 874.01, -973.7, "T", "SMD", "DIGITAL_2", "", "R", 15.75, 66.93, 0, 270],
		[445, "U9_6", 874.01, -999.29, "T", "SMD", "$5N1108", "", "R", 15.75, 66.93, 0, 270],
		[446, "U9_7", 874.01, -1024.88, "T", "SMD", "$5N781", "", "R", 15.75, 66.93, 0, 270],
		[447, "U9_8", 1094.49, -1024.88, "T", "SMD", "$5N820", "", "R", 15.75, 66.93, 0, 270],
		[448, "U9_9", 1094.49, -999.29, "T", "SMD", "$5N1169", "", "R", 15.75, 66.93, 0, 270],
		[449, "U9_10", 1094.49, -973.7, "T", "SMD", "DIGITAL_3", "", "R", 15.75, 66.93, 0, 270],
		[450, "U9_11", 1094.49, -948.11, "T", "SMD", "GND", "GND", "R", 15.75, 66.93, 0, 270],
		[451, "U9_12", 1094.49, -922.52, "T", "SMD", "GND", "GND", "R", 15.75, 66.93, 0, 270],
		[452, "U9_13", 1094.49, -896.93, "T", "SMD", "$5N1345", "", "R", 15.75, 66.93, 0, 270],
		[453, "U9_14", 1094.49, -871.34, "T", "SMD", "$5N1345", "", "R", 15.75, 66.93, 0, 270],
		[454, "U10_1", 614.76, -2413.23, "T", "SMD", "$4N3636", "", "R", 15.75, 66.93, 0, 270],
		[455, "U10_2", 614.76, -2438.82, "T", "SMD", "$4N3570", "", "R", 15.75, 66.93, 0, 270],
		[456, "U10_3", 614.76, -2464.41, "T", "SMD", "VREF_2V5", "", "R", 15.75, 66.93, 0, 270],
		[457, "U10_4", 614.76, -2490, "T", "SMD", "5V", "", "R", 15.75, 66.93, 0, 270],
		[458, "U10_5", 614.76, -2515.59, "T", "SMD", "VREF_2V5", "", "R", 15.75, 66.93, 0, 270],
		[459, "U10_6", 614.76, -2541.18, "T", "SMD", "$4N3699", "", "R", 15.75, 66.93, 0, 270],
		[460, "U10_7", 614.76, -2566.77, "T", "SMD", "CV_IN_1", "", "R", 15.75, 66.93, 0, 270],
		[461, "U10_8", 835.24, -2566.77, "T", "SMD", "$4N4873", "", "R", 15.75, 66.93, 0, 270],
		[462, "U10_9", 835.24, -2541.18, "T", "SMD", "$4N4818", "", "R", 15.75, 66.93, 0, 270],
		[463, "U10_10", 835.24, -2515.59, "T", "SMD", "VREF_2V5", "", "R", 15.75, 66.93, 0, 270],
		[464, "U10_11", 835.24, -2490, "T", "SMD", "GND", "GND", "R", 15.75, 66.93, 0, 270],
		[465, "U10_12", 835.24, -2464.41, "T", "SMD", "VREF_2V5", "", "R", 15.75, 66.93, 0, 270],
		[466, "U10_13", 835.24, -2438.82, "T", "SMD", "$4N5035", "", "R", 15.75, 66.93, 0, 270],
		[467, "U10_14", 835.24, -2413.23, "T", "SMD", "CV_IN_2", "", "R", 15.75, 66.93, 0, 270]
	]
}
}